{
  "cacheBootResources": true,
  "config": [
    "appsettings.Development.json",
    "appsettings.json"
  ],
  "debugBuild": false,
  "entryAssembly": "WebClient",
  "icuDataMode": 0,
  "linkerEnabled": true,
  "resources": {
    "assembly": {
      "Api.dll": "sha256-2PxMzxZ89CpG6NyibrTFr9m8P\/lVFowOMlAnecFS86Q=",
      "BlazorPro.BlazorSize.dll": "sha256-T87pzU2XEyWSiFhUnmIlHPq2YuVLVeqJ0gYo8cwuHBY=",
      "ClientApi.dll": "sha256-CIer3Hu\/qxYGZjqt+ECuB9jpnC8yVAkgfOa6WmdlJn0=",
      "Common.dll": "sha256-xS3iXUqalJ9\/+cUx1drfC+pNdu9Nd\/rJoxsGobP1pak=",
      "Entities.dll": "sha256-0sXmhbA8lbwxFVCddkpaPEoP70Bdv\/1+GGwfxPtIQts=",
      "Microsoft.AspNetCore.Authorization.dll": "sha256-Ff5imTrbqwuTibCLDOgQW47VDXeBpK7Hn0g2acJSXJI=",
      "Microsoft.AspNetCore.Components.Authorization.dll": "sha256-rbupvnWJzNIfTQPW8X\/XEyWBuN+IfvTsc88abRgzJJI=",
      "Microsoft.AspNetCore.Components.dll": "sha256-o2wBqwUeG1zabrHeoFkB8Btp+Z85I\/JlxIHt88OCCdQ=",
      "Microsoft.AspNetCore.Components.Forms.dll": "sha256-uZMCY393qaJ7TOVkvoD5um+DrvXa5Af4VtzNpdEvirc=",
      "Microsoft.AspNetCore.Components.Web.dll": "sha256-SgbbMNwn0GK70nqnGcl4nr73pCdnIZwx\/K4rk+dIfiY=",
      "Microsoft.AspNetCore.Components.WebAssembly.Authentication.dll": "sha256-J+GEhSs7RElL8esN4UTBk0kX5HD\/prjzQ6+i\/t0R9gQ=",
      "Microsoft.AspNetCore.Components.WebAssembly.dll": "sha256-7PQoaLswv6lpUNdTRCJxaGLqwVPGeHr9skuu\/pA7hlg=",
      "Microsoft.AspNetCore.Cryptography.Internal.dll": "sha256-03ZUcvm6iolq88duQpB\/pOjf8DHEQ7nqWcPCIElHjfA=",
      "Microsoft.AspNetCore.Cryptography.KeyDerivation.dll": "sha256-PlLXKXuRNY5Hsz\/7R8RPe1SEKSJHjw5e7iCyBZILwWQ=",
      "Microsoft.AspNetCore.Identity.EntityFrameworkCore.dll": "sha256-I+asgjFU19+rYaZpFGvEGkhIVk5eiVPkIhhEFqF4jNc=",
      "Microsoft.AspNetCore.Metadata.dll": "sha256-RVSYOOzBALsuH\/KF+ULUsiDcf28SrKFTs1TnvJl3x2k=",
      "Microsoft.AspNetCore.WebUtilities.dll": "sha256-D5akJeBd7NNITuzAXxlX7zl2jfsc4uTKyeEKwwNhqoo=",
      "Microsoft.CSharp.dll": "sha256-KJ6d0MfiR9EDdchuILBvexS4YE7xvusCKNlE3Cs7m2Q=",
      "Microsoft.EntityFrameworkCore.Abstractions.dll": "sha256-bPYRpYponDxgZr4SKvFc+8S7e4I4VO2FR0TcrRWp2tM=",
      "Microsoft.EntityFrameworkCore.dll": "sha256-rkoXgOiwTfY\/9CgBvo+m8brwmC9n9Arip9PyRMtbwtI=",
      "Microsoft.EntityFrameworkCore.Relational.dll": "sha256-1oDgNGloyzZ3bYLOZMQy8gJLkVtmbryPV3KSdaQnrQw=",
      "Microsoft.Extensions.Caching.Abstractions.dll": "sha256-7l0glBpeQ35i6az3jBOTrewTadH9\/cnmI76iA63TmVE=",
      "Microsoft.Extensions.Caching.Memory.dll": "sha256-lc3HiVG8g4boPJLMV1lQ\/9KnHsKptuD9a4QdKjpGl1E=",
      "Microsoft.Extensions.Configuration.Abstractions.dll": "sha256-HLhNV5c3ELda96JVlZKBEIMvShXWD8fRbWmMEivNePE=",
      "Microsoft.Extensions.Configuration.dll": "sha256-8hxfCIZspmV8k7C6LHT1AQLGKBlQJbzE6EpaVuBnNmA=",
      "Microsoft.Extensions.Configuration.Json.dll": "sha256-fF3xaP+hT6R3GYUctLIY1ixaXQ8mrHzwWHHf2dKfueU=",
      "Microsoft.Extensions.DependencyInjection.Abstractions.dll": "sha256-1dWEvpGHOtrfXtIpY8Wz4i1S55KiMnjOLwS\/9FQDnJ8=",
      "Microsoft.Extensions.DependencyInjection.dll": "sha256-hOj7HO5VjvoL3SLzminSJ1HyaZG54QqMQACUmdOsorE=",
      "Microsoft.Extensions.Identity.Core.dll": "sha256-CT3PeS5lxqfMRhetZkIy+XTP5\/\/61fWqzx79hghqefc=",
      "Microsoft.Extensions.Identity.Stores.dll": "sha256-TBG3gH5TF\/cqdoVW7xPL5iohv3S+AKdabHe\/78oPzNc=",
      "Microsoft.Extensions.Logging.Abstractions.dll": "sha256-KXf6YRlZ9HhJc1B7QzGWOtADXDwmM9\/TLVCmCFnBNAA=",
      "Microsoft.Extensions.Logging.dll": "sha256-KkpiNot6RJr8VHv+Pl6bwEwtdq+Mf6JNE0862fkkQq8=",
      "Microsoft.Extensions.Options.dll": "sha256-1tB1TdOK1QaMSk7+PPe5sikuuMC9hs8bkujWqFMdAx4=",
      "Microsoft.Extensions.Primitives.dll": "sha256-\/WnkwdtRJjQiOlG\/Z7FoUMgrj0QOLB+Z1MTr2LahTus=",
      "Microsoft.JSInterop.dll": "sha256-X3v0Eqp9w37bJKB5++c\/G7OFZMVTHlZoq4mt3Xtugy0=",
      "Microsoft.JSInterop.WebAssembly.dll": "sha256-+vVdIj7neJ+ihLFR+qU3xbNhxbIyjk4IHvJiJ3reJOs=",
      "Microsoft.Net.Http.Headers.dll": "sha256-P66ftDrXwc6ayND8uYzIk0CPQy1GjNZAPHx9RMhi3V4=",
      "Microsoft.Win32.Primitives.dll": "sha256-1Z5AxFS8vnn5UgNPRdejPyCzMwh\/Y1E1w5Q2VApFbW0=",
      "netstandard.dll": "sha256-hxGLYCENlTLpVefXp07HAqU\/WFlcDiFZtCK7Qv7ZN10=",
      "Newtonsoft.Json.dll": "sha256-cs8pHUurDt0IqbB8YXPh560au3q3J\/1wRL9jBddRVmE=",
      "Ozytis.Common.Core.Api.dll": "sha256-Js6yNyt51gMDcXuznmI20Yg4u+Zreps+UGRAXa9f5hQ=",
      "Ozytis.Common.Core.ClientApi.dll": "sha256-w1LSFctrbyO5ndCWno\/J0L\/6NxXQQFnDlWt+lMi9TD8=",
      "Ozytis.Common.Core.Utilities.dll": "sha256-NCa+UjxT0TVpDV2Kg9MWG2F+19b749p0eFGYFlJfci4=",
      "Ozytis.Common.Core.Web.Razor.dll": "sha256-M+ZNgvNA5Ljrk6\/skShq6UjqHgQsI\/8T5yL8VvnCKiM=",
      "Ozytis.Serialize.Linq.dll": "sha256-LFlf8+H3NELh8hTpqxdZenQ3Qe6qMz3zdTLNC4srgCg=",
      "Syncfusion.Blazor.dll": "sha256-E5lw8kF318A5lh3wZrr6t1Q8zzYH68f7UJca7BIUoAw=",
      "Syncfusion.ExcelExport.Net.dll": "sha256-J7ByMqCc0tfTVbcQkmN4cSlHDgtCPcpXxkDtpLg+0xs=",
      "Syncfusion.Licensing.dll": "sha256-QwlZ9sB886MhpSMWMtJl32rWMUnCpw8NfhppQ4MPuNg=",
      "Syncfusion.PdfExport.Net.dll": "sha256-Ct0OzGgCgutBoOIFRN5AVULMNd5ZgO59hR6G4bBkzvw=",
      "System.Buffers.dll": "sha256-Upj2v3UpScUocynY\/KtEY3YvSeW7p0Wsbc6FfTgtOcQ=",
      "System.Collections.Concurrent.dll": "sha256-oddfzSjxuBAaNyGv9QJQQFpdV9ESORyyVoM2mn+gBO8=",
      "System.Collections.dll": "sha256-bn1FUvD37H0zRqg3e6n5v8vDQOSaHBBzghrlc5QmIX4=",
      "System.Collections.Immutable.dll": "sha256-6\/Y+BUv23WEwpHW\/dS36XZktfLLi2yoNPLCjOcO11nI=",
      "System.Collections.NonGeneric.dll": "sha256-NF\/wNQ3jzrcRkViEeyj83kWGq4DCN5wyOMbRi6Gdz+g=",
      "System.Collections.Specialized.dll": "sha256-rVH5TC6SdRbsH\/iXVj+zEOD6Xym4LIkaGeejID5m+Ww=",
      "System.ComponentModel.Annotations.dll": "sha256-\/aSqYUUQCvriptsUDDYce6ALVdU4fqMLZV4UTmq2Hbc=",
      "System.ComponentModel.dll": "sha256-td7oO5TTyY2gsF0p+ejqoYOJzwdudGxB+sJ9QuXL1iA=",
      "System.ComponentModel.Primitives.dll": "sha256-gcgiilN+wy1wAUl9dZneg3WJEWN8Sd4\/RyiN+xCYOFc=",
      "System.ComponentModel.TypeConverter.dll": "sha256-FOT3mBBnZC6tS4VfFGuHrpslgaARCAkOohg0mPmq4XE=",
      "System.Console.dll": "sha256-5+ERQgNzl2pxBT\/4UR\/NOaoOHUAhUz0cCbCGkExzgfY=",
      "System.Data.Common.dll": "sha256-tyhuaz5PwTeNHzyNtNnW30+UNn34KyJQWQ2qXTux40A=",
      "System.Diagnostics.Contracts.dll": "sha256-bYdEAbKWn2EHdFw7\/dGBn1+Lt6HELI3CzTFTPPZAXx0=",
      "System.Diagnostics.DiagnosticSource.dll": "sha256-6TkpmTmTinSoYk1cnsIKuosQAAiZPLzcI2omM\/EMw\/8=",
      "System.Diagnostics.TraceSource.dll": "sha256-quy0OOrbBF49CJU5c5DWum17SSBEjHfx6HxwC+NVukc=",
      "System.Diagnostics.Tracing.dll": "sha256-YmUwlh7OMmZewys63mvF5i6rIQsFlMsAqcjLib+6img=",
      "System.dll": "sha256-kETW2R4N7mwTy3AYLVpR64HFLR9+Kb3fpGhoAu957w0=",
      "System.Drawing.dll": "sha256-A3WuhfiZpRQyaqyAUebujHWcWl6PmM5SiSVRxC9o04E=",
      "System.Drawing.Primitives.dll": "sha256-NrGV\/f+ulhEcRvDQdt1WiIf2OUbHUHDGjIG0UvENkC0=",
      "System.IO.Compression.dll": "sha256-RoeM+e1GMGNWkYN7RbgvRtxGnCjFp2CykYwwgYn8+7I=",
      "System.Linq.dll": "sha256-YbaqFsKTvGk7sn+yjI1XlZTrw+Rx6bsJW43Y0vDh1Q8=",
      "System.Linq.Expressions.dll": "sha256-wFF\/SLVlS0VCLMVzZfENtUzvyDVOd3N2E1YDtGVM3Sw=",
      "System.Linq.Parallel.dll": "sha256-OiLRqacUkUl2TzbqmNKYUmhGVBpwOCQ9W1JPLOOrE6g=",
      "System.Linq.Queryable.dll": "sha256-8BeoA2WAYnkwRc4LIxyJ7KQoKCQALy5UuRloQq6Qb3E=",
      "System.Memory.dll": "sha256-C4PwfFO+choF+Y7qXX1PurP4Frco0WeRM6snbC3a3xw=",
      "System.Net.Http.dll": "sha256-I+Cp\/IlukxlgUUboGWUOAGYFpLVulgYeb860snuYWdc=",
      "System.Net.NetworkInformation.dll": "sha256-vN5fDkV+zpUhNAvo95VZLroCcVKInKvZfHw8I9nzpqA=",
      "System.Net.Primitives.dll": "sha256-Eme5OCzCsNW\/wAHuSn\/EyiWeD\/+hj1oDLb9IDKo78TI=",
      "System.ObjectModel.dll": "sha256-qsCTJJJzoi3u+UUwLRmq2v+oCtwat06aDIRB6FEiDuU=",
      "System.Private.CoreLib.dll": "sha256-6FhbNJOttV+L0R7xwY0by1Z+hYvvWWJNB235qZwSaE4=",
      "System.Private.DataContractSerialization.dll": "sha256-OelQI4AwXhkzJ3TfVPkmlfKDLg\/yI1oiLjadk2sPcjY=",
      "System.Private.Runtime.InteropServices.JavaScript.dll": "sha256-G4gV0+nCqaCpnfhU8ek6qvZrLN25bsQYT8zXVpAOM0s=",
      "System.Private.Uri.dll": "sha256-6zaC1dSw6uQOK4FtJ9hVXxukDOMoHMX7\/ULto20XzuE=",
      "System.Private.Xml.dll": "sha256-UVyvtovXZgWOkZj517drmo\/wQqBUNJn1cQ40NbHfgzw=",
      "System.Private.Xml.Linq.dll": "sha256-wOo3fkkgMH04jGMuS9kuuH1ScMo4ALp4Jorq6PEyXz8=",
      "System.Reflection.dll": "sha256-cxHlx04x7qBURcS2cY7loICh9tpBVP92L5TuaMp8AOA=",
      "System.Reflection.Extensions.dll": "sha256-W4669TsU+av0k5k3Ce74eHfRV4eRD61s9z21CYPPejo=",
      "System.Resources.ResourceManager.dll": "sha256-5bZH0ba87cJCgcd0qLLCSpygvyWFoRGylbIOBwSoPqo=",
      "System.Runtime.CompilerServices.Unsafe.dll": "sha256-UBWoFp+r9Xw64YXkyydfGw0Be+r\/RwIpB0K8PzpRBfk=",
      "System.Runtime.dll": "sha256-b48m84pyI7yj0oSDRPFHNeTfLDvgqnKDTqXDNVKYFEs=",
      "System.Runtime.Extensions.dll": "sha256-P9B\/PVqpYJSjZ2CGwm2ipUbjW0tz9Ji2nEEbdQB6Bno=",
      "System.Runtime.InteropServices.dll": "sha256-xWxsG8zfJIGvmbYXb8cdNnWsTfmehGEwecp4HRw6i1Y=",
      "System.Runtime.Numerics.dll": "sha256-89kYmJRx4PgenrQR5jwpZ7JZ9EWWznhe8JQ5upfH6bY=",
      "System.Runtime.Serialization.Formatters.dll": "sha256-n6CP3AFIatFds+vIAH6N1LoVhQwhi8DBAyZwZo552b8=",
      "System.Runtime.Serialization.Primitives.dll": "sha256-nMfJ7+F8K0l7OKEQ7dFhgpYCQBmxQSuo\/m5xkbJCiTI=",
      "System.Runtime.Serialization.Xml.dll": "sha256-cXrKM1X40NS+HgckEBTpMIrckJ08kjrgJOcDJ6xIUZM=",
      "System.Security.Claims.dll": "sha256-x8FLLSZTf\/SJQMlMJ5GMxvYgd6XglN0oLvQ4+pca1oI=",
      "System.Security.Cryptography.Algorithms.dll": "sha256-JHwqjQzPYBLnffJoiNbh\/eGDkATiMkIMCw5bDZC4ys0=",
      "System.Security.Cryptography.Primitives.dll": "sha256-w3wnzmiUM191jqva0fO\/l\/DWWv3xRi386D\/T7WZuNFQ=",
      "System.Text.Encoding.dll": "sha256-Li64xbjpmZveqnGAe1GSmYihC9SrdWFRLPNv3i9hMf0=",
      "System.Text.Encoding.Extensions.dll": "sha256-7yEoZu4TI9hFF5au4RbMQmfgnkkaUY9UPhL4OzGJadY=",
      "System.Text.Encodings.Web.dll": "sha256-rnIiKjCJNgAYrQS70ZJXSU0HOro8KGLTSShCLYnkiN0=",
      "System.Text.Json.dll": "sha256-kZdQU0w2OIM91Bc6v2UwR07Id4wDiVqXztbtgbj+MVM=",
      "System.Text.RegularExpressions.dll": "sha256-sPNGI5XBIQITPPYOHXQ9dc2K3cQdN1mt7CR8\/wNuRrQ=",
      "System.Threading.dll": "sha256-bQxvox38mxHMSpudw2ZB9c2B4QUP4yIr8WWIBXWnk0E=",
      "System.Threading.Thread.dll": "sha256-yinXmAz06pePiuvggWAHJv1oSMBi9PBifDrg6HVA+\/8=",
      "System.Transactions.Local.dll": "sha256-R8Cq\/ByjF2d7YuPBoq53plvFcjNl9jvMsg+M\/4+L6Tc=",
      "System.Web.HttpUtility.dll": "sha256-zhv6d5wmjft76GkXm4kjRDXPDvMRqmrv8uEYdTFALCA=",
      "System.Xml.ReaderWriter.dll": "sha256-jSVFCBbc85Xx0svRzRbNGL4Uq6j9Jiz0q8QSrtRWRMg=",
      "WebClient.dll": "sha256-ld1kFD6vLj+AT5TJqy+O979aNpUInqRxq75MIPJnrCg="
    },
    "extensions": null,
    "lazyAssembly": null,
    "libraryInitializers": null,
    "pdb": null,
    "runtime": {
      "dotnet.6.0.2.lkupkuzmuy.js": "sha256-wbTVn69TU0+WI83iB+kky8tf\/BjZdYJeM0rUP96ur\/c=",
      "dotnet.timezones.blat": "sha256-9CBC8Dy2PSGOWOyYnxE7NSoyYzDDDcaexiBpkBhI80U=",
      "dotnet.wasm": "sha256-K3JNG2KmmxJjhVUWd8I1bhpCGQUbI\/ddIkZyC9nM4gw=",
      "icudt.dat": "sha256-Zuq0dWAsBm6\/2lSOsz7+H9PvFaRn61KIXHMMwXDfvyE=",
      "icudt_CJK.dat": "sha256-WPyI4hWDPnOw62Nr27FkzGjdbucZnQD+Ph+GOPhAedw=",
      "icudt_EFIGS.dat": "sha256-4RwaPx87Z4dvn77ie\/ro3\/QzyS+\/gGmO3Y\/0CSAXw4k=",
      "icudt_no_CJK.dat": "sha256-OxylFgLJlFqixsj+nLxYVsv5iZLvfIKMpLf9hrWaChA="
    },
    "satelliteResources": null
  }
}